title,author,refer,Post Title,published_date,read_time
How to extract data from a website?,By Sarah Lang,https://www.zyte.com/blog/how-to-extract-data-from-a-website/,How to extract data from a website?,15-Jul-21,7
Van Buren: A victory for web scrapers,By Victoria Vlahoyiannis,https://www.zyte.com/blog/van-buren-a-victory-for-web-scrapers/,Van Buren: A victory for web scrapers,23-Jun-21,4
Zyte Developers Community newsletter issue #7,By Zyte team,https://www.zyte.com/blog/zyte-developers-community-newsletter-issue-7/,Zyte Developers Community newsletter issue #7,1-Jul-21,< 1
Zyte Developers Community newsletter issue #6,By Zyte team,https://www.zyte.com/blog/zyte-developers-community-newsletter-issue-6/,Zyte Developers Community newsletter issue #6,17-Jun-21,< 1
Zyte Developers Community newsletter issue #5,By Zyte team,https://www.zyte.com/blog/zyte-developers-community-newsletter-issue-5/,Zyte Developers Community newsletter issue #5,3-Jun-21,< 1
How web data can help fuel your dynamic pricing strategy,By Himanshi Bhatt,https://www.zyte.com/blog/how-web-data-can-fuel-your-dynamic-pricing-strategy/,How web data can help fuel your dynamic pricing strategy,17-Jun-21,3
Extracting article & news data: The importance of data quality,By Alexandra Harris,https://www.zyte.com/blog/news-api-blog-importance-of-article-quality/,Extracting article & news data: The importance of data quality,2-Jun-21,4
Extract JSONs like a pro with chompjs and JMESPath,By Roy Healy,https://www.zyte.com/blog/extract-json-using-chompjs-and-jmespath/,Extract JSONs like a pro with chompjs and JMESPath,3-Jun-21,3
Zyte Developers Community newsletter issue #8,By Zyte team,https://www.zyte.com/blog/zyte-developers-community-newsletter-issue-8/,Zyte Developers Community newsletter issue #8,15-Jul-21,2
Scale up your Scrapy projects with Smart Proxy Manager,By John Campbell,https://www.zyte.com/blog/scale-up-your-scrapy-projects-with-zyte-smart-proxy-manager-formerly-crawlera/,Scale up your Scrapy projects with Smart Proxy Manager,1-Jul-21,2
Alternative data for hedge funds & portfolio management,By John Campbell,https://www.zyte.com/blog/alternative-data-for-hedge-funds-portfolio-management/,Alternative data for hedge funds & portfolio management,13-May-21,7
Insurance & credit scoring with alternative data,By John Campbell,https://www.zyte.com/blog/insurance-credit-scoring-enhanced-with-alternative-data/,Insurance & credit scoring with alternative data,19-Mar-21,9
Zyte Developers Community newsletter issue #1,By Attila Toth,https://www.zyte.com/blog/zyte-developers-community-newsletter-issue-1/,Zyte Developers Community newsletter issue #1,29-Mar-21,2
Extract Summit 2021 - come join the web data revolution,By Marie Moynihan,https://www.zyte.com/blog/extract-summit-2021-come-join-the-web-data-revolution/,Extract Summit 2021 - come join the web data revolution,18-May-21,2
Zyte Developers Community newsletter issue #2,By Attila Toth,https://www.zyte.com/blog/zyte-developers-community-newsletter-issue-2/,Zyte Developers Community newsletter issue #2,"April 8, 2021",2
Zyte Developers Community newsletter issue #4,By Attila Toth,https://www.zyte.com/blog/zyte-developers-community-newsletter-issue-4/,Zyte Developers Community newsletter issue #4,21-May-21,< 1
Launching the Zyte Developers Community,By Attila Toth,https://www.zyte.com/blog/launching-the-zyte-developers-community/,Launching the Zyte Developers Community,11-Mar-21,< 1
Zyte Developers Community newsletter issue #3,By Attila Toth,https://www.zyte.com/blog/zyte-developers-community-newsletter-issue-3/,Zyte Developers Community newsletter issue #3,"April 28, 2021",< 1
The importance of web data and how to easily access it,By Alexandra Harris,https://www.zyte.com/blog/the-importance-of-web-data-and-how-to-easily-access-it/,The importance of web data and how to easily access it,11-May-21,4
News & article data extraction: Open source vs closed source solutions,By Attila Toth,https://www.zyte.com/blog/news-article-data-extraction-open-source-vs-closed-source-solutions/,News & article data extraction: Open source vs closed source solutions,10-Sep-20,7
Scrapy update: Better broad crawl performance,By Nikita Vostretsov,https://www.zyte.com/blog/scrapy-update-better-broad-crawl-performance/,Scrapy update: Better broad crawl performance,18-Feb-21,3
Dateparser: A little but powerful date parsing library,By Marc Hernandez Cabot,https://www.zyte.com/blog/dateparser-a-powerful-date-parsing-library/,Dateparser: A little but powerful date parsing library,6-May-21,3
A practical guide to web data QA part IV: Complementing semi-automated techniques,By Ivan Ivanov,https://www.zyte.com/blog/a-practical-guide-to-web-data-qa-part-iv-complementing-semi-automated-techniques/,A practical guide to web data QA part IV: Complementing semi-automated techniques,3-Sep-20,7
A practical guide to web data QA part V: Broad crawls,By Ivan Ivanov,https://www.zyte.com/blog/a-practical-guide-to-web-data-qa-part-v-broad-crawls/,A practical guide to web data QA part V: Broad crawls,30-Sep-20,8
Automatic Extraction: Better web data with less hassle,By Alexandra Harris,https://www.zyte.com/blog/automatic-extraction-data-extractor-review/,Automatic Extraction: Better web data with less hassle,25-Feb-21,5
Announcing the Web Data Extraction Summit 2020,By Himanshi Bhatt,https://www.zyte.com/blog/web-data-extraction-summit-2020/,Announcing the Web Data Extraction Summit 2020,24-Sep-20,3
"Hi, we’re Zyte!",By Shane Evans,https://www.zyte.com/blog/scrapinghub-is-now-zyte/,"Hi, we’re Zyte!",2-Feb-21,2
A practical guide to web data QA part III: Holistic data validation techniques,By Ivan Ivanov,https://www.zyte.com/blog/web-data-qa-part-iii-combining-manual-and-automated-techniques-for-holistic-data-validation/,A practical guide to web data QA part III: Holistic data validation techniques,9-Jun-20,7
Announcing The Web Data Extraction Summit 2020,By Himanshi Bhatt,https://www.zyte.com/blog/announcing-the-web-data-extraction-summit-2020/,Announcing The Web Data Extraction Summit 2020,30-Dec-20,3
Price gouging or economics at work: Price intelligence to track consumer sentiment,By Robert Cosgrave,https://www.zyte.com/blog/price-gouging-or-economics-at-work-price-intelligence-to-track-consumer-sentiment/,Price gouging or economics at work: Price intelligence to track consumer sentiment,11-Jun-20,4
Large scale web scraping,By Attila Toth,https://www.zyte.com/blog/large-scale-web-scraping/,Large scale web scraping,28-Jan-21,3
Irish data extraction innovator unveils new name – and new AI-powered Automatic Extraction service,By Zyte team,https://www.zyte.com/blog/press-release-scrapinghub-is-now-zyte/,Irish data extraction innovator unveils new name – and new AI-powered Automatic Extraction service,1-Feb-21,2
How to get high success rates with proxies: 3 steps to scale up,By Attila Toth,https://www.zyte.com/blog/how-to-get-high-success-rates-with-proxies-3-steps-to-scale-up/,How to get high success rates with proxies: 3 steps to scale up,14-Jul-20,3
Web scraping basics: A developer’s guide to reliably extract data,By Attila Toth,https://www.zyte.com/blog/web-scraping-basics-tools/,Web scraping basics: A developer’s guide to reliably extract data,7-Jul-20,7
Zyte Automatic Extraction job postings API: Stable release,By John Campbell,https://www.zyte.com/blog/job-postings-api-stable-release/,Zyte Automatic Extraction job postings API: Stable release,9-Jul-20,4
Data center proxies vs. residential proxies,By Attila Toth,https://www.zyte.com/blog/data-center-proxies-vs-residential-proxies/,Data center proxies vs. residential proxies,21-Jul-20,2
Blog comments API (BETA): Extract blog comment data at scale,By John Campbell,https://www.zyte.com/blog/blog-comments-api-beta-release/,Blog comments API (BETA): Extract blog comment data at scale,30-Jul-20,3
Your price intelligence questions answered,By Himanshi Bhatt,https://www.zyte.com/blog/price-intelligence-questions-answered/,Your price intelligence questions answered,28-Jul-20,3
Scrapy Cloud secrets: Hub Crawl Frontier and how to use it,By Julio Cesar Batista,https://www.zyte.com/blog/scrapy-cloud-secrets-hub-crawl-frontier-and-how-to-use-it/,Scrapy Cloud secrets: Hub Crawl Frontier and how to use it,6-Aug-20,6
Real estate: Use web data extraction to make smarter decisions,By Attila Toth,https://www.zyte.com/blog/web-scraping-real-estate-data-use-cases/,Real estate: Use web data extraction to make smarter decisions,27-Aug-20,5
COVID-19: Handling the situation as a fully remote company,By Suzanne Hassett,https://www.zyte.com/blog/covid-19-handling-the-situation-as-a-fully-remote-company/,COVID-19: Handling the situation as a fully remote company,13-Mar-20,2
Extracting clean article HTML with news API,By Ivan de Prado Alonso,https://www.zyte.com/blog/extracting-clean-article-html-with-autoextract/,Extracting clean article HTML with news API,12-Mar-20,9
Building spiders made easy: GUI for your Scrapy shell,By Roy Healy,https://www.zyte.com/blog/building-spiders-made-easy-gui-for-your-scrapy-shell/,Building spiders made easy: GUI for your Scrapy shell,3-Mar-20,4
A practical guide to web data QA part I: Validation techniques,By Ivan Ivanov,https://www.zyte.com/blog/guide-to-web-data-extraction-qa-validation-techniques/,A practical guide to web data QA part I: Validation techniques,24-Mar-20,7
Transitioning to remote working as a company,By Shane Evans,https://www.zyte.com/blog/transitioning-to-remote-working-as-a-company/,Transitioning to remote working as a company,25-Mar-20,8
Job postings beta API: Extract job postings at scale,By Attila Toth,https://www.zyte.com/blog/job-postings-at-scale-beta-api/,Job postings beta API: Extract job postings at scale,5-Mar-20,2
A practical guide to web data extraction QA part II: Common validation pitfalls,By Ivan Ivanov,https://www.zyte.com/blog/web-data-qa-common-validation-pitfalls/,A practical guide to web data extraction QA part II: Common validation pitfalls,"April 9, 2020",7
Custom crawling & News API: designing a web scraping solution,By Julio Cesar Batista,https://www.zyte.com/blog/extract-articles-at-scale-designing-a-web-scraping-solution/,Custom crawling & News API: designing a web scraping solution,"April 28, 2020",5
Vehicle API (beta): Extract automotive data at scale,By Attila Toth,https://www.zyte.com/blog/vehicle-api-launch/,Vehicle API (beta): Extract automotive data at scale,"April 16, 2020",3
Best recruitment tips: How to scout top talent,By Eric Burke,https://www.zyte.com/blog/recruitment-tips-to-find-top-talent/,Best recruitment tips: How to scout top talent,12-Feb-20,5
Introducing Zyte Smart Proxy Manager (formerly Crawlera) — free trials & new plans,By Pablo Hoffman,https://www.zyte.com/blog/introducing-zyte-smart-proxy-manager-crawlera-free-trials-new-plans/,Introducing Zyte Smart Proxy Manager (formerly Crawlera) — free trials & new plans,18-Feb-20,2
Product reviews API (beta): Extract product reviews at scale,By Attila Toth,https://www.zyte.com/blog/product-reviews-api-beta-extract-product-reviews-at-scale/,Product reviews API (beta): Extract product reviews at scale,19-May-20,3
News web data extraction to predict Irish election results,By Cristi Constantin,https://www.zyte.com/blog/news-web-data-extraction-to-predict-irish-election-results/,News web data extraction to predict Irish election results,24-Feb-20,6
How to scrape the web without getting blocked,By Attila Toth,https://www.zyte.com/blog/how-to-scrape-the-web-without-getting-blocked/,How to scrape the web without getting blocked,27-Feb-20,6
Looking back at 2019,By Attila Toth,https://www.zyte.com/blog/looking-back-at-2019/,Looking back at 2019,30-Jan-20,4
4 sectors that benefited most from business intelligence software,By Zyte team,https://www.zyte.com/blog/4-sectors-that-benefited-most-from-business-intelligence-software/,4 sectors that benefited most from business intelligence software,4-Dec-19,5
Price scraping: The best free tool to scrape prices,By Zyte team,https://www.zyte.com/blog/price-scraping-best-free-tool-to-scrape-prices/,Price scraping: The best free tool to scrape prices,26-Nov-19,3
How to use a proxy in Puppeteer,By Attila Toth,https://www.zyte.com/blog/how-to-use-a-proxy-in-puppeteer/,How to use a proxy in Puppeteer,23-Jan-20,3
How to leverage alternative data in asset management,By Marie Moynihan,https://www.zyte.com/blog/how-to-leverage-alternative-data-in-asset-management/,How to leverage alternative data in asset management,9-Jan-20,4
Backconnect proxy: Explanation & comparison to other proxies,By Zyte team,https://www.zyte.com/blog/backconnect-proxy/,Backconnect proxy: Explanation & comparison to other proxies,10-Dec-19,3
"Price intelligence with Python: Scrapy, SQL, and Pandas",By Zyte team,https://www.zyte.com/blog/price-intelligence-with-python-scrapy-sql-pandas/,"Price intelligence with Python: Scrapy, SQL, and Pandas",8-Oct-19,7
Gain a competitive edge with product data,By Zyte team,https://www.zyte.com/blog/gain-a-competitive-edge-with-product-data/,Gain a competitive edge with product data,12-Sep-19,3
Scrapy & Zyte Automatic Extraction API integration,By Zyte team,https://www.zyte.com/blog/scrapy-autoextract-api-integration/,Scrapy & Zyte Automatic Extraction API integration,15-Oct-19,2
The Web Data Extraction Summit 2019,By Zyte team,https://www.zyte.com/blog/the-web-data-extraction-summit-2019/,The Web Data Extraction Summit 2019,26-Sep-19,4
Four use cases for online public sentiment data,By Zyte team,https://www.zyte.com/blog/use-cases-for-online-public-sentiment-data/,Four use cases for online public sentiment data,5-Sep-19,2
News data extraction at scale with AI-powered Zyte Automatic Extraction,By Zyte team,https://www.zyte.com/blog/news-data-extraction-at-scale-with-ai-powered-autoextract/,News data extraction at scale with AI-powered Zyte Automatic Extraction,17-Sep-19,5
Learn how to configure and utilize proxies with Python requests module,By Attila Toth,https://www.zyte.com/blog/python-requests-proxy/,Learn how to configure and utilize proxies with Python requests module,22-Aug-19,3
Web scraping questions & answers part I,By Zyte team,https://www.zyte.com/blog/web-scraping-questions-answers-part-1/,Web scraping questions & answers part I,10-Oct-19,5
Web scraping questions & answers part II,By Zyte team,https://www.zyte.com/blog/web-scraping-questions-answers-part-2/,Web scraping questions & answers part II,17-Oct-19,5
How to set up a custom proxy in Scrapy?,By Zyte team,https://www.zyte.com/blog/scrapy-proxy/,How to set up a custom proxy in Scrapy?,8-Aug-19,4
The first-ever Web Data Extraction Summit!,By Zyte team,https://www.zyte.com/blog/the-first-web-data-extraction-summit/,The first-ever Web Data Extraction Summit!,29-Aug-19,3
"Scrapy, Matplotlib, and MySQL: Real estate data analysis",By Zyte team,https://www.zyte.com/blog/scrapy-matplotlib-and-mysql-real-estate-data-analysis/,"Scrapy, Matplotlib, and MySQL: Real estate data analysis",7-Nov-19,7
How to use Zyte Smart Proxy Manager (formerly Crawlera) with Scrapy,By Zyte team,https://www.zyte.com/blog/how-to-use-zyte-smart-proxy-manager-with-scrapy/,How to use Zyte Smart Proxy Manager (formerly Crawlera) with Scrapy,14-Nov-19,2
ScrapyRT: Turn websites into real-time APIs,By Zyte team,https://www.zyte.com/blog/scrapyrt-turn-websites-into-real-time-apis/,ScrapyRT: Turn websites into real-time APIs,14-May-19,4
Web data analysis: Exposing NFL player salaries with Python,By Zyte team,https://www.zyte.com/blog/web-data-analysis-exposing-nfl-player-salaries-with-python/,Web data analysis: Exposing NFL player salaries with Python,9-May-19,10
Solution architecture part 3: Conducting a web scraping legal review,By Sanaea Daruwalla,https://www.zyte.com/blog/solution-architecture-part-3-conducting-a-web-scraping-legal-review/,Solution architecture part 3: Conducting a web scraping legal review,23-May-19,6
GDPR update: Scraping public personal data,By Zyte team,https://www.zyte.com/blog/gdpr-public-personal-data-update/,GDPR update: Scraping public personal data,25-Jul-19,3
Visual web scraping tools: What to do when they are no longer fit for purpose?,By Zyte team,https://www.zyte.com/blog/visual-web-scraping-tools-what-to-do-when-they-are-no-longer-fit-for-purpose/,Visual web scraping tools: What to do when they are no longer fit for purpose?,30-May-19,6
Spidermon: Zyte's (formerly Scrapinghub) secret sauce to our data quality & reliability guarantee,By Zyte team,https://www.zyte.com/blog/spidermon-the-secret-sauce-to-our-data-quality-guarantee/,Spidermon: Zyte's (formerly Scrapinghub) secret sauce to our data quality & reliability guarantee,5-Mar-19,5
Solution architecture part 4: Accessing the technical feasibility of your web scraping project,By Colm Kenny,https://www.zyte.com/blog/solution-architecture-part-4-accessing-the-technical-feasibility-of-your-web-scraping-project/,Solution architecture part 4: Accessing the technical feasibility of your web scraping project,13-Jun-19,6
Solution architecture part 5: Designing a well-optimized web scraping solution,By Colm Kenny,https://www.zyte.com/blog/solution-architecture-part-5-designing-a-solution-estimating-resource-requirements/,Solution architecture part 5: Designing a well-optimized web scraping solution,4-Jul-19,6
St Patrick’s day special: Finding Dublin’s best pint of Guinness with web scraping,By Zyte team,https://www.zyte.com/blog/web-scraping-best-pint-of-guinness-dublin/,St Patrick’s day special: Finding Dublin’s best pint of Guinness with web scraping,15-Mar-19,6
Solution architecture part 2: How to define the scope of your web scraping project,By Colm Kenny,https://www.zyte.com/blog/web-scraping-requirement-gathering/,Solution architecture part 2: How to define the scope of your web scraping project,"April 5, 2019",8
Zyte’s (formerly Scrapinghub) new AI-powered Automatic Extraction API for e-commerce & article extraction,By Zyte team,https://www.zyte.com/blog/developer-data-extraction-api-for-product-article-extraction/,Zyte’s (formerly Scrapinghub) new AI-powered Automatic Extraction API for e-commerce & article extraction,"April 9, 2019",3
From the creators of Scrapy: Artificial intelligence data extraction API,By Zyte team,https://www.zyte.com/blog/artificial-intelligence-data-extraction-api/,From the creators of Scrapy: Artificial intelligence data extraction API,"April 11, 2019",4
Proxy management: Should I build my proxy infrastructure in-house or use an off-the-shelf proxy solution?,By Zyte team,https://www.zyte.com/blog/best-web-scraping-proxy-management-solution/,Proxy management: Should I build my proxy infrastructure in-house or use an off-the-shelf proxy solution?,21-Feb-19,7
Navigating compliance when extracting web scraped alternative data for finance,By Zyte team,https://www.zyte.com/blog/regulatory-compliance-for-alternative-web-scraped-financial-data/,Navigating compliance when extracting web scraped alternative data for finance,21-Mar-19,10
A sneak peek inside Zyte Smart Proxy Manager (formerly Crawlera): The world’s smartest web scraping proxy network,By Zyte team,https://www.zyte.com/blog/sneak-peek-inside-zyte-smart-proxy-manager-crawlera/,A sneak peek inside Zyte Smart Proxy Manager (formerly Crawlera): The world’s smartest web scraping proxy network,15-Feb-19,6
Why we created Zyte Smart Proxy Manager (formerly Crawlera)?,By Zyte team,https://www.zyte.com/blog/the-zyte-smart-proxy-manager-crawlera-story/,Why we created Zyte Smart Proxy Manager (formerly Crawlera)?,7-Feb-19,6
Meet Spidermon: Zyte's (formerly Scrapinghub) battle-tested spider monitoring library [now open-sourced],By Zyte team,https://www.zyte.com/blog/spidermon-scrapy-spider-monitoring/,Meet Spidermon: Zyte's (formerly Scrapinghub) battle-tested spider monitoring library [now open-sourced],1-Mar-19,6
GDPR compliance for web scrapers: The step-by-step guide,By Zyte team,https://www.zyte.com/blog/web-scraping-gdpr-compliance-guide/,GDPR compliance for web scrapers: The step-by-step guide,25-Jul-18,9
Data quality assurance for enterprise web scraping,By Zyte team,https://www.zyte.com/blog/data-quality-assurance-for-enterprise-web-scraping/,Data quality assurance for enterprise web scraping,27-Sep-18,7
Do what is right not what is easy!,By Zyte team,https://www.zyte.com/blog/gdpr-web-scraping-iiap-europe-data-protection-congress/,Do what is right not what is easy!,13-Dec-18,4
Looking back at 2018,By Zyte team,https://www.zyte.com/blog/looking-back-at-2018/,Looking back at 2018,21-Dec-18,4
What I learned as a Google Summer of Code student at Zyte (formerly Scrapinghub),By Zyte team,https://www.zyte.com/blog/what-i-learned-as-a-google-summer-of-code-student-at-zyte/,What I learned as a Google Summer of Code student at Zyte (formerly Scrapinghub),12-Sep-18,4
Shubber GetTogether 2018,By Zyte team,https://www.zyte.com/blog/shubber-gettogether-2018/,Shubber GetTogether 2018,22-Nov-18,3
Data for price intelligence: Lessons learned scraping 100 billion products pages,By Zyte team,https://www.zyte.com/blog/price-intelligence-web-scraping-at-scale-100-billion-products/,Data for price intelligence: Lessons learned scraping 100 billion products pages,2-Jul-18,10
The challenges e-commerce retailers face managing their web scraping proxies,By Zyte team,https://www.zyte.com/blog/challenges-enterprise-ecommerce-web-scraping-proxies/,The challenges e-commerce retailers face managing their web scraping proxies,8-Jan-19,7
A sneak peek inside what hedge funds think of alternative financial data,By Zyte team,https://www.zyte.com/blog/a-sneak-peek-inside-what-hedge-funds-think-of-alternative-financial-data/,A sneak peek inside what hedge funds think of alternative financial data,19-Jun-18,4
Deploy your Scrapy spiders from GitHub,By Zyte team,https://www.zyte.com/blog/deploy-your-scrapy-spiders-from-github/,Deploy your Scrapy spiders from GitHub,"April 19, 2017",2
Looking back at 2016,By Zyte team,https://www.zyte.com/blog/looking-back-at-2016/,Looking back at 2016,1-Jan-17,5
The predictive power of web scraped product data for institutional investors: A GoPro case study,By Zyte team,https://www.zyte.com/blog/gopro-study/,The predictive power of web scraped product data for institutional investors: A GoPro case study,24-Jan-19,6
How to increase sales with online reputation management,By Zyte team,https://www.zyte.com/blog/how-to-increase-sales-with-online-reputation-management/,How to increase sales with online reputation management,15-Dec-16,6
The rise of web data in hedge fund decision making & the importance of data quality,By Zyte team,https://www.zyte.com/blog/alternative-financial-data-quality/,The rise of web data in hedge fund decision making & the importance of data quality,1-Feb-19,8
Scraping the Steam game store with Scrapy,By Zyte team,https://www.zyte.com/blog/scraping-the-steam-game-store-with-scrapy/,Scraping the Steam game store with Scrapy,7-Jul-17,13
"A faster, updated Scrapinghub (now Zyte)",By Zyte team,https://www.zyte.com/blog/a-faster-updated-scrapinghub-now-zyte/,"A faster, updated Scrapinghub (now Zyte)",5-Nov-17,2
Do Androids dream of electric sheep?,By Zyte team,https://www.zyte.com/blog/do-androids-dream-of-electric-sheep/,Do Androids dream of electric sheep?,19-Jun-17,18
Want to predict Fitbit’s quarterly revenue? Eagle Alpha did it using web scraped product data,By Zyte team,https://www.zyte.com/blog/fitbit-quarterly-revenue-web-scraped-product-data/,Want to predict Fitbit’s quarterly revenue? Eagle Alpha did it using web scraped product data,7-Jun-18,7
How data compliance companies are turning to web crawlers to take advantage of the GDPR business opportunity,By Zyte team,https://www.zyte.com/blog/gdpr-compliance-tools-web-scraping-crawlers/,How data compliance companies are turning to web crawlers to take advantage of the GDPR business opportunity,30-May-18,5
Interview: How Up Hail uses Scrapy to increase transparency,By Zyte team,https://www.zyte.com/blog/interview-how-up-hail-uses-scrapy-to-increase-transparency/,Interview: How Up Hail uses Scrapy to increase transparency,6-Oct-16,6
Why promoting open data increases economic opportunities,By Zyte team,https://www.zyte.com/blog/why-promoting-open-data-increases-economic-opportunities/,Why promoting open data increases economic opportunities,19-Oct-16,8
Looking back at 2017,By Zyte team,https://www.zyte.com/blog/looking-back-at-2017/,Looking back at 2017,31-Dec-17,5
How you can use web data to accelerate your startup,By Zyte team,https://www.zyte.com/blog/how-you-can-use-web-data-to-accelerate-your-startup/,How you can use web data to accelerate your startup,10-Nov-16,4
How to build your own price monitoring tool,By Zyte team,https://www.zyte.com/blog/how-to-build-your-own-price-monitoring-tool/,How to build your own price monitoring tool,24-Nov-16,5
An introduction to XPath: How to get started,By Zyte team,https://www.zyte.com/blog/an-introduction-to-xpath-with-examples/,An introduction to XPath: How to get started,27-Oct-16,6
How to crawl the web politely with Scrapy,By Zyte team,https://www.zyte.com/blog/how-to-crawl-the-web-politely-with-scrapy/,How to crawl the web politely with Scrapy,25-Aug-16,6
Improved Frontera: Web crawling at scale with Python 3 support,By Zyte team,https://www.zyte.com/blog/improved-frontera-web-crawling-at-scale-with-python-3-support/,Improved Frontera: Web crawling at scale with Python 3 support,1-Sep-16,3
How to deploy custom docker images for your web crawlers,By Zyte team,https://www.zyte.com/blog/how-to-deploy-custom-docker-images-for-your-web-crawlers/,How to deploy custom docker images for your web crawlers,8-Sep-16,4
Embracing the future of work: How to communicate remotely,By Zyte team,https://www.zyte.com/blog/embracing-the-future-of-work-how-to-communicate-remotely/,Embracing the future of work: How to communicate remotely,22-Sep-16,5
How to run Python scripts in Scrapy Cloud,By Zyte team,https://www.zyte.com/blog/how-to-run-python-scripts-in-scrapy-cloud/,How to run Python scripts in Scrapy Cloud,28-Sep-16,4
This month in open source at Scrapinghub June 2016,By Zyte team,https://www.zyte.com/blog/this-month-in-open-source-at-scrapinghub-now-zyte-june-2016/,This month in open source at Scrapinghub June 2016,15-Jun-16,4
Meet Parsel: The selector library behind Scrapy,By Zyte team,https://www.zyte.com/blog/meet-parsel-the-selector-library-behind-scrapy/,Meet Parsel: The selector library behind Scrapy,28-Jul-16,3
Scraping infinite scrolling pages,By Zyte team,https://www.zyte.com/blog/scrapy-tips-from-the-pros-june-2016/,Scraping infinite scrolling pages,22-Jun-16,3
This month in open source at Scrapinghub (now Zyte) August 2016,By Zyte team,https://www.zyte.com/blog/this-month-in-open-source-at-scrapinghub-now-zyte-august-2016/,This month in open source at Scrapinghub (now Zyte) August 2016,4-Aug-16,2
Introducing Portia2Code: Portia projects into Scrapy spiders,By Zyte team,https://www.zyte.com/blog/introducing-portia2code-portia-projects-into-scrapy-spiders/,Introducing Portia2Code: Portia projects into Scrapy spiders,29-Jun-16,3
Introducing Scrapy Cloud with Python 3 support,By Zyte team,https://www.zyte.com/blog/introducing-scrapy-cloud-with-python-3-support/,Introducing Scrapy Cloud with Python 3 support,17-Aug-16,2
What the Suicide Squad tells us about web data,By Zyte team,https://www.zyte.com/blog/what-the-suicide-squad-tells-us-about-web-data/,What the Suicide Squad tells us about web data,11-Aug-16,4
Improving access to Peruvian Congress bills with Scrapy,By Zyte team,https://www.zyte.com/blog/improving-access-to-peruvian-congress-bills-with-scrapy/,Improving access to Peruvian Congress bills with Scrapy,13-Jul-16,4
Incremental crawls with Scrapy and DeltaFetch,By Zyte team,https://www.zyte.com/blog/scrapy-tips-from-the-pros-july-2016/,Incremental crawls with Scrapy and DeltaFetch,20-Jul-16,4
Scrapy + MonkeyLearn: Textual analysis of web data,By Zyte team,https://www.zyte.com/blog/monkeylearn-addon-retail-classifier-tutorial/,Scrapy + MonkeyLearn: Textual analysis of web data,11-May-16,6
Scrapely: The brains behind Portia spiders,By Zyte team,https://www.zyte.com/blog/scrapely-the-brains-behind-portia-spiders/,Scrapely: The brains behind Portia spiders,7-Jul-16,4
Introducing the Zyte Smart Proxy Manager (formerly Crawlera) dashboard,By Zyte team,https://www.zyte.com/blog/introducing-zyte-smart-proxy-manager-crawlera-dashboard/,Introducing the Zyte Smart Proxy Manager (formerly Crawlera) dashboard,1-Jun-16,2
Introducing the Datasets catalog,By Zyte team,https://www.zyte.com/blog/introducing-the-datasets-catalog/,Introducing the Datasets catalog,9-Jun-16,2
How to debug your Scrapy spiders,By Zyte team,https://www.zyte.com/blog/scrapy-tips-from-the-pros-may-2016-edition/,How to debug your Scrapy spiders,18-May-16,5
A (not so) short story on getting decent internet access,By Zyte team,https://www.zyte.com/blog/a-not-so-short-story-on-getting-decent-internet-access/,A (not so) short story on getting decent internet access,"April 27, 2016",7
Data extraction with Scrapy and Python 3,By Zyte team,https://www.zyte.com/blog/data-extraction-with-scrapy-and-python/,Data extraction with Scrapy and Python 3,25-May-16,3
Introducing Scrapy Cloud 2.0,By Zyte team,https://www.zyte.com/blog/introducing-scrapy-cloud-2-0/,Introducing Scrapy Cloud 2.0,4-May-16,6
Machine learning with web scraping: New MonkeyLearn addon,By Zyte team,https://www.zyte.com/blog/grow-your-data-with-monkeylearn-addon/,Machine learning with web scraping: New MonkeyLearn addon,"April 14, 2016",5
Web scraping to create open data,By Zyte team,https://www.zyte.com/blog/web-scraping-to-create-open-data/,Web scraping to create open data,30-Mar-16,4
Portia: The open-source alternative to Kimono labs,By Zyte team,https://www.zyte.com/blog/portia-alternative-to-kimono/,Portia: The open-source alternative to Kimono labs,17-Feb-16,3
Scraping websites based on ViewStates with Scrapy,By Zyte team,https://www.zyte.com/blog/scrapy-tips-from-the-pros-april-2016-edition/,Scraping websites based on ViewStates with Scrapy,"April 20, 2016",5
Mapping corruption in the Panama papers with open data,By Zyte team,https://www.zyte.com/blog/how-to-become-a-whistleblower-from-panama-papers-to-open-data/,Mapping corruption in the Panama papers with open data,"April 6, 2016",5
Web scraping finds stores guilty of price inflation,By Zyte team,https://www.zyte.com/blog/which-stores-are-guilty-of-price-inflation/,Web scraping finds stores guilty of price inflation,10-Feb-16,8
Migrate your Kimono projects to Portia,By Zyte team,https://www.zyte.com/blog/migrate-your-kimono-projects-to-portia/,Migrate your Kimono projects to Portia,26-Feb-16,< 1
This month in open source at Scrapinghub (now Zyte) March 2016,By Zyte team,https://www.zyte.com/blog/this-month-in-open-source-at-scrapinghub-now-zyte-march-2016/,This month in open source at Scrapinghub (now Zyte) March 2016,16-Mar-16,5
Scrapy tips from the pros: March 2016 edition,By Zyte team,https://www.zyte.com/blog/scrapy-tips-from-the-pros-march-2016-edition/,Scrapy tips from the pros: March 2016 edition,23-Mar-16,4
Scrapy tips from the pros: February 2016 edition,By Zyte team,https://www.zyte.com/blog/scrapy-tips-from-the-pros-february-2016-edition/,Scrapy tips from the pros: February 2016 edition,24-Feb-16,4
Splash 2.0 is here with Qt 5 and Python 3,By Zyte team,https://www.zyte.com/blog/splash-2-0-here-with-qt-5-and-python-3/,Splash 2.0 is here with Qt 5 and Python 3,29-Feb-16,3
How web scraping is revealing lobbying and corruption in Peru,By Zyte team,https://www.zyte.com/blog/how-web-scraping-is-revealing-lobbying-and-corruption-in-peru/,How web scraping is revealing lobbying and corruption in Peru,9-Mar-16,4
Join Scrapinghub for Google Summer of Code 2016,By Zyte team,https://www.zyte.com/blog/join-scrapinghub-now-zyte-for-google-summer-of-code-2016/,Join Scrapinghub for Google Summer of Code 2016,14-Mar-16,3
Tips for creating a cohesive company culture remotely,By Zyte team,https://www.zyte.com/blog/tips-for-creating-a-cohesive-company-culture-remotely/,Tips for creating a cohesive company culture remotely,16-Nov-15,5
"Black Friday, Cyber Monday: Are they worth it?",By Zyte team,https://www.zyte.com/blog/black-friday-cyber-monday-are-they-worth-it/,"Black Friday, Cyber Monday: Are they worth it?",3-Dec-15,6
Chats with RINAR Solutions,By Zyte team,https://www.zyte.com/blog/chats-with-rinar-solutions/,Chats with RINAR Solutions,16-Dec-15,4
Christmas eve vs new year's eve: Last-minute price inflation?,By Zyte team,https://www.zyte.com/blog/christmas-eve-vs-new-years-eve-last-minute-price-inflation/,Christmas eve vs new year's eve: Last-minute price inflation?,6-Jan-16,4
Winter sales showdown: Black Friday vs Cyber Monday vs Green Monday,By Zyte team,https://www.zyte.com/blog/winter-sales-showdown-black-friday-vs-cyber-monday-vs-green-monday/,Winter sales showdown: Black Friday vs Cyber Monday vs Green Monday,21-Dec-15,4
Looking back at 2015,By Zyte team,https://www.zyte.com/blog/looking-back-at-2015/,Looking back at 2015,31-Dec-15,5
Vizlegal: Rise of machine-readable laws and court judgments,By Zyte team,https://www.zyte.com/blog/vizlegal-rise-of-machine-readable-laws-and-court-judgments/,Vizlegal: Rise of machine-readable laws and court judgments,13-Jan-16,4
Scrapy tips from the pros: part 1,By Zyte team,https://www.zyte.com/blog/scrapy-tips-from-the-pros-part-1/,Scrapy tips from the pros: part 1,19-Jan-16,5
Happy anniversary: Zyte (formerly Scrapinghub) turns 5,By Zyte team,https://www.zyte.com/blog/happy-anniversary-scrapinghub-now-zyte-turns-5/,Happy anniversary: Zyte (formerly Scrapinghub) turns 5,27-Jan-16,4
Python 3 is coming to Scrapy,By Zyte team,https://www.zyte.com/blog/python-3-support-with-scrapy-1/,Python 3 is coming to Scrapy,4-Feb-16,2
StartupChats remote working Q&A,By Zyte team,https://www.zyte.com/blog/startupchats-remote-working/,StartupChats remote working Q&A,17-Jul-15,< 1
The road to loading JavaScript in Portia,By Zyte team,https://www.zyte.com/blog/the-road-to-loading-javascript-in-portia/,The road to loading JavaScript in Portia,3-Aug-15,4
EuroPython 2015,By Zyte team,https://www.zyte.com/blog/europython-2015/,EuroPython 2015,21-Jul-15,3
Scrapy on the road to Python 3 support,By Zyte team,https://www.zyte.com/blog/scrapy-on-the-road-to-python-3-support/,Scrapy on the road to Python 3 support,19-Aug-15,4
Introducing Javascript support for Portia,By Zyte team,https://www.zyte.com/blog/introducing-javascript-support-for-portia/,Introducing Javascript support for Portia,19-Aug-15,2
Distributed Frontera: Web crawling at scale,By Zyte team,https://www.zyte.com/blog/distributed-frontera-web-crawling-at-large-scale/,Distributed Frontera: Web crawling at scale,6-Aug-15,5
Parse natural language dates with Dateparser,By Zyte team,https://www.zyte.com/blog/parse-natural-language-dates-with-dateparser/,Parse natural language dates with Dateparser,9-Nov-15,3
Google Summer of Code 2015,By Zyte team,https://www.zyte.com/blog/google-summer-of-code-2015/,Google Summer of Code 2015,25-Jun-15,< 1
Aduana: Link analysis to crawl the web at scale,By Zyte team,https://www.zyte.com/blog/aduana-link-analysis-to-crawl-the-web-at-scale/,Aduana: Link analysis to crawl the web at scale,29-Sep-15,9
PyCon Philippines 2015,By Zyte team,https://www.zyte.com/blog/pycon-philippines-2015/,PyCon Philippines 2015,15-Jul-15,3
A career in remote working,By Zyte team,https://www.zyte.com/blog/a-career-in-remote-working/,A career in remote working,"April 28, 2015",3
Traveling tips for remote workers,By Zyte team,https://www.zyte.com/blog/traveling-tips-for-remote-workers/,Traveling tips for remote workers,12-May-15,4
Gender inequality across programming languages,By Zyte team,https://www.zyte.com/blog/gender-inequality-across-programming-languages/,Gender inequality across programming languages,27-May-15,2
Scrape data visually with Portia and Scrapy Cloud,By Zyte team,https://www.zyte.com/blog/scrape-data-visually-with-portia-and-scrapy-cloud/,Scrape data visually with Portia and Scrapy Cloud,"April 7, 2015",4
Frontera: The brain behind the crawls,By Zyte team,https://www.zyte.com/blog/frontera-the-brain-behind-the-crawls/,Frontera: The brain behind the crawls,"April 22, 2015",5
Zyte (formerly Scrapinghub): A remote working success story,By Zyte team,https://www.zyte.com/blog/scrapinghub-now-zyte-remote-working-success-story/,Zyte (formerly Scrapinghub): A remote working success story,17-Mar-15,3
Using git to manage vacations in a large distributed team,By Zyte team,https://www.zyte.com/blog/git-for-managing-vacations/,Using git to manage vacations in a large distributed team,8-Jun-15,3
Aduana: Link analysis with Frontera,By Zyte team,https://www.zyte.com/blog/aduana-link-analysis-with-frontera/,Aduana: Link analysis with Frontera,8-Jun-15,10
Introducing data reviews,By Zyte team,https://www.zyte.com/blog/introducing-data-reviews/,Introducing data reviews,27-Jun-14,< 1
Introducing ScrapyRT: An API for Scrapy spiders,By Zyte team,https://www.zyte.com/blog/introducing-scrapyrt-an-api-for-scrapy-spiders/,Introducing ScrapyRT: An API for Scrapy spiders,22-Jan-15,< 1
XPath tips from the web scraping trenches,By Zyte team,https://www.zyte.com/blog/xpath-tips-from-the-web-scraping-trenches/,XPath tips from the web scraping trenches,17-Jul-14,3
Link analysis algorithms explained,By Zyte team,https://www.zyte.com/blog/link-analysis-algorithms-explained/,Link analysis algorithms explained,19-Jun-15,6
"EuroPython, here we go!",By Zyte team,https://www.zyte.com/blog/europython-here-we-go/,"EuroPython, here we go!",12-Jun-15,4
New changes to our Scrapy cloud platform,By Zyte team,https://www.zyte.com/blog/new-changes-to-our-scrapy-cloud-platform/,New changes to our Scrapy cloud platform,23-Jan-15,3
Handling JavaScript in Scrapy with Splash,By Zyte team,https://www.zyte.com/blog/handling-javascript-in-scrapy-with-splash/,Handling JavaScript in Scrapy with Splash,2-Mar-15,5
Looking back at 2014,By Zyte team,https://www.zyte.com/blog/looking-back-at-2014/,Looking back at 2014,31-Dec-14,3
Scrapinghub (now Zyte) crawls the deep web,By Zyte team,https://www.zyte.com/blog/memex/,Scrapinghub (now Zyte) crawls the deep web,24-Feb-15,< 1
Skinfer: A tool for inferring JSON schemas,By Zyte team,https://www.zyte.com/blog/skinfer-a-tool-for-inferring-json-schemas/,Skinfer: A tool for inferring JSON schemas,5-Mar-15,2
The history of Scrapinghub,By Zyte team,https://www.zyte.com/blog/history-of-zyte-formerly-scrapinghub/,The history of Scrapinghub,16-Mar-15,2
Why we moved to Slack,By Zyte team,https://www.zyte.com/blog/why-we-moved-to-slack/,Why we moved to Slack,16-Mar-15,3
Git workflow for Scrapy projects,By Zyte team,https://www.zyte.com/blog/git-workflow-scrapy-projects/,Git workflow for Scrapy projects,6-Mar-13,2
Looking back at 2013,By Zyte team,https://www.zyte.com/blog/looking-back-at-2013/,Looking back at 2013,31-Dec-13,2
Introducing Dash,By Zyte team,https://www.zyte.com/blog/introducing-dash/,Introducing Dash,27-Jul-13,4
Why MongoDB is a bad choice for storing our scraped data,By Zyte team,https://www.zyte.com/blog/mongo-bad-for-scraped-data/,Why MongoDB is a bad choice for storing our scraped data,13-May-13,4
Optimizing memory usage of Scikit-Learn models using succinct tries,By Zyte team,https://www.zyte.com/blog/optimizing-memory-usage-of-scikit-learn-models-using-succinct-tries/,Optimizing memory usage of Scikit-Learn models using succinct tries,26-Mar-14,7
"Introducing Crawlera (now Zyte Smart Proxy Manager), a smart page downloader",By Zyte team,https://www.zyte.com/blog/introducing-crawlera-now-zyte-smart-proxy-manager/,"Introducing Crawlera (now Zyte Smart Proxy Manager), a smart page downloader",11-May-13,< 1
Marcos Campal is a ScrapingHubber!,By Zyte team,https://www.zyte.com/blog/marcos-campal-is-a-scrapinghubber/,Marcos Campal is a ScrapingHubber!,1-Oct-13,< 1
Extracting schema.org microdata using Scrapy selectors and XPath,By Zyte team,https://www.zyte.com/blog/extracting-schema-org-microdata-using-scrapy-selectors-and-xpath/,Extracting schema.org microdata using Scrapy selectors and XPath,18-Jun-14,4
"Announcing Portia, the open-source visual web scraper!",By Zyte team,https://www.zyte.com/blog/announcing-portia/,"Announcing Portia, the open-source visual web scraper!","April 1, 2014",< 1
Open source at Zyte,By Zyte team,https://www.zyte.com/blog/open-source-at-scrapinghub-now-zyte/,Open source at Zyte,18-Jan-14,2
Scrapy 0.14 released,By Kevin McKinless,https://www.zyte.com/blog/scrapy-0-14-released/,Scrapy 0.14 released,18-Nov-11,< 1
Spoofing your Scrapy bot IP using tsocks,By Kevin McKinless,https://www.zyte.com/blog/scrapy-tsocks/,Spoofing your Scrapy bot IP using tsocks,12-Nov-10,< 1
Spiders activity graphs,By Kevin McKinless,https://www.zyte.com/blog/spiders-activity-graphs/,Spiders activity graphs,25-Aug-12,2
Introducing w3lib and scrapely,By Kevin McKinless,https://www.zyte.com/blog/introducing-w3lib-and-scrapely/,Introducing w3lib and scrapely,"April 20, 2011",2
Scrapy 0.12 released,By Kevin McKinless,https://www.zyte.com/blog/scrapy-0-12-released/,Scrapy 0.12 released,3-Jan-11,< 1
Dirbot: A new example Scrapy project,By Kevin McKinless,https://www.zyte.com/blog/dirbot-a-new-example-scrapy-project/,Dirbot: A new example Scrapy project,"April 28, 2011",< 1
How to fill login forms automatically,By Zyte team,https://www.zyte.com/blog/filling-login-forms-automatically/,How to fill login forms automatically,26-Oct-12,2
Scrapy 0.15 dropping support for Python 2.5,By Kevin McKinless,https://www.zyte.com/blog/scrapy-0-15-dropping-support-for-python-2-5/,Scrapy 0.15 dropping support for Python 2.5,27-Feb-12,< 1
"Hello, world",By Kevin McKinless,https://www.zyte.com/blog/hello-world/,"Hello, world",26-Jun-10,< 1
Finding similar items,By Kevin McKinless,https://www.zyte.com/blog/finding-similar-items/,Finding similar items,23-Jul-12,6
Autoscraping casts a wider net,By Kevin McKinless,https://www.zyte.com/blog/autoscraping-casts-a-wider-net/,Autoscraping casts a wider net,27-Feb-12,< 1
